actual_churn,predicted_churn,proba_churn
No,No,0.3881795627303438
No,Yes,0.8102756840128907
Yes,Yes,0.5872222889833889
No,No,0.33864357596265393
No,No,0.3458607457677513
No,No,0.28235623477372407
No,No,0.2830156375739138
No,Yes,0.639634405828725
No,No,0.41877610871818727
No,No,0.3803504139109066
No,No,0.47512715764957036
No,Yes,0.6070867224648722
No,No,0.3480097931535193
No,No,0.3092781425429575
Yes,Yes,0.8084238622566062
No,Yes,0.5995687243608271
No,No,0.3195447556041774
No,Yes,0.5074007130937649
No,Yes,0.6256161595894505
No,Yes,0.5119041215733533
Yes,No,0.4909433315625211
No,Yes,0.7317581765307253
No,Yes,0.5005288868957622
No,No,0.40423780179864777
No,Yes,0.8108392399853017
No,No,0.328209931871678
No,No,0.43442185653306675
No,Yes,0.5077336670092312
No,No,0.20788133518663598
No,Yes,0.7564500017896945
No,Yes,0.6740783516537858
No,No,0.19342504645490077
No,No,0.4459382190650667
No,No,0.4483323356308181
No,No,0.23957718578520693
No,Yes,0.6638065819880012
No,No,0.39709745369179217
No,No,0.46787624030516917
No,Yes,0.6654308411832865
No,No,0.23025319789836796
No,No,0.49748552139724456
No,Yes,0.5697991898125936
No,No,0.3150012475751517
No,Yes,0.7325290709281387
Yes,Yes,0.5029640799842126
No,Yes,0.59619041084358
No,Yes,0.5036346052311775
No,Yes,0.6077906824190917
No,No,0.3763803689557206
No,No,0.28743658507612435
No,No,0.413437829242126
No,No,0.22221223370178145
No,No,0.4024610801566957
No,No,0.33922168267243435
No,Yes,0.6792010366519317
No,No,0.42164992586423544
No,Yes,0.5113106565977313
No,No,0.2956819455965727
No,No,0.38957260728428966
No,No,0.19012166229793026
No,Yes,0.694379109440375
No,Yes,0.6915923448037165
No,Yes,0.8033112153991716
No,Yes,0.7555926387717239
No,No,0.40970820109868933
No,No,0.4067793919148781
Yes,No,0.2543252509339018
No,Yes,0.652808724895789
No,No,0.209243567632043
Yes,Yes,0.5723628682920823
No,Yes,0.6209772117850177
No,Yes,0.5247893070875512
No,No,0.32790641010603616
Yes,No,0.47690703213222185
No,No,0.48981341825551983
No,Yes,0.5316562624450746
No,Yes,0.6007361461126244
No,No,0.34258497060492776
No,No,0.4065580964359351
No,Yes,0.7189978188393817
No,No,0.4178627540546026
No,No,0.3787391321584519
No,No,0.49330049514920316
Yes,Yes,0.5957913005826545
No,No,0.4978667013585524
Yes,No,0.3353845096838578
No,Yes,0.7736531495705254
No,Yes,0.5229188141962728
No,No,0.3414376643663022
No,Yes,0.7009974219858052
Yes,Yes,0.523799101688478
No,No,0.4878769038799442
No,No,0.45418440638296176
No,No,0.2116359269285959
No,No,0.26072518672753153
No,No,0.2372776737086033
No,No,0.23055583318221684
No,No,0.41230646423390216
No,Yes,0.6903894540153028
No,No,0.316519413571695
No,Yes,0.5240124864945326
No,No,0.23257072798155898
No,No,0.4831274141900519
No,No,0.39916495591429735
No,No,0.4219174815409876
No,Yes,0.5973222507978704
No,No,0.2969507451293525
No,Yes,0.7020017302167367
No,Yes,0.6785851500107234
No,Yes,0.5353715513057085
No,No,0.300311537191037
Yes,Yes,0.5511379308915297
Yes,Yes,0.6251936244693852
No,Yes,0.5475832942383294
No,No,0.45000850633633294
No,No,0.24280574498950547
No,Yes,0.513944642079528
No,Yes,0.6668221004104027
Yes,No,0.41366954296145453
No,Yes,0.6518390017343465
No,Yes,0.5256428757665548
No,No,0.3090943941686163
No,Yes,0.5435431901224601
Yes,Yes,0.8428746671593652
No,No,0.29696487687084283
No,Yes,0.731100016987819
Yes,No,0.2607214571582577
No,Yes,0.7594759540045938
No,No,0.4373327476174631
No,Yes,0.5079938770714032
Yes,No,0.42248439897959467
Yes,No,0.44410442160815256
No,Yes,0.713212636476179
Yes,No,0.475762794761737
No,Yes,0.7032829253506927
No,Yes,0.5397738545348751
No,Yes,0.5820410759670672
Yes,Yes,0.6316715232189023
No,No,0.46015131187405867
No,Yes,0.5727214789853994
Yes,No,0.32329341120035127
No,No,0.45480436673758873
No,Yes,0.5102487396093255
Yes,No,0.2924521072010009
No,Yes,0.6274820374260517
No,No,0.27298464137672174
No,No,0.49358792892423153
No,No,0.35131133149449134
Yes,Yes,0.7146591862990631
No,No,0.1953707690996579
No,Yes,0.6393444555004754
No,Yes,0.527687491079964
No,No,0.3820324652334003
No,No,0.49396745698853517
No,Yes,0.566953189785216
No,No,0.35329434774446666
No,No,0.22811124344819433
No,No,0.4309085457811267
No,No,0.48336801831913223
No,Yes,0.5685581810700935
No,Yes,0.6391336518204414
No,No,0.4802320637728408
No,Yes,0.6041281084985379
Yes,No,0.4524195075427765
No,Yes,0.6197987381684431
No,No,0.3773267484301668
Yes,Yes,0.6744017658888384
No,No,0.3298153771689285
No,No,0.4223354109160333
No,No,0.43845172957798373
No,No,0.40766174558068813
No,No,0.3770032125578724
No,Yes,0.6682854767056368
No,Yes,0.5598443126014288
No,No,0.27771919369031306
No,No,0.39495822560595983
No,No,0.2637717565392117
No,Yes,0.7045372265233317
No,Yes,0.5145886683171015
No,Yes,0.6075244641259174
Yes,No,0.4829304538887058
No,No,0.4140163124061964
No,Yes,0.6743460188308925
Yes,Yes,0.698476293925465
No,No,0.21817827655913902
Yes,Yes,0.6856086195874154
No,Yes,0.6996424896693281
No,No,0.31896915273435067
No,No,0.4306310764959972
No,No,0.38683074253571004
No,Yes,0.595946007193064
Yes,Yes,0.5949650496442626
No,No,0.2441826226895243
No,No,0.30886988594993703
Yes,Yes,0.7117560550918502
No,No,0.37536055181096606
No,No,0.34138769312937145
No,Yes,0.5445960763873394
No,Yes,0.7374052454056084
No,Yes,0.5839706063757633
No,No,0.3529772083007279
Yes,No,0.3914549887694768
No,No,0.3709116327781721
No,Yes,0.5517251493063906
No,Yes,0.5821952848203085
No,No,0.29722160236299233
No,No,0.19390790815939907
Yes,Yes,0.5621689679052309
No,Yes,0.6344063415918246
No,No,0.29076488958749414
No,Yes,0.6700350853693904
No,Yes,0.6111315893444387
No,Yes,0.7530169973498153
Yes,Yes,0.5348980460378971
No,No,0.4962145189012397
No,No,0.47602515288436575
No,No,0.3626889454593989
No,Yes,0.5390215196327754
No,No,0.40403782371907826
Yes,Yes,0.5550891183741571
No,No,0.35949622499525413
No,No,0.3390150723244828
Yes,No,0.35321435432532255
No,No,0.4057897893097714
No,No,0.46999934795657783
No,No,0.4823846534316686
No,No,0.3097717312630788
No,Yes,0.5075221820487834
No,Yes,0.7112987768427759
No,No,0.2746654472672555
No,Yes,0.6555151183988475
Yes,Yes,0.5002434290542042
No,Yes,0.5269753406906236
No,No,0.36903443795803115
Yes,Yes,0.5080821160783809
No,Yes,0.6622622541635519
No,Yes,0.5650333582146116
No,Yes,0.7269041136340828
Yes,No,0.23046857393484266
Yes,No,0.46363896937039994
No,Yes,0.6780732487897432
No,No,0.3682645681546909
No,No,0.3439081873822307
No,No,0.4310110275533777
No,No,0.4261317283984595
No,No,0.4200002452656717
No,Yes,0.615902763688218
No,No,0.37800559136547707
No,No,0.4768230094578859
No,Yes,0.5414636626708595
Yes,Yes,0.547626428551872
No,No,0.3189680168771659
No,No,0.3283402807891378
No,No,0.2691227952034161
No,No,0.4118333389618505
No,Yes,0.5893098142558766
No,No,0.3024541790345229
No,No,0.29384122579478333
No,Yes,0.5418543118459467
No,No,0.43605229005505697
Yes,No,0.4564891724817459
No,Yes,0.6632111198084412
No,Yes,0.530789987020055
Yes,Yes,0.7313850853328976
No,Yes,0.5281641683506335
No,Yes,0.5831899172187338
No,No,0.3084922406188486
No,No,0.43123850663592556
No,No,0.4014404601884358
No,Yes,0.8023319662708136
No,No,0.45894350652479743
No,No,0.2989470341638095
No,Yes,0.8259118080886927
No,No,0.26378000797796763
No,No,0.44074079058371907
No,Yes,0.7141376042153228
Yes,No,0.4699299952438729
No,Yes,0.5021045713689336
No,Yes,0.6497474610043101
Yes,Yes,0.7075872016963776
No,Yes,0.8249658341158775
No,No,0.24442622073534215
No,Yes,0.6546452525862758
No,No,0.4842990938373881
No,No,0.2541971967364133
No,No,0.2729798528366627
No,No,0.2743206755107179
No,No,0.18910808922405398
No,No,0.21930137258466076
No,No,0.34454407659142894
No,No,0.3445048804106938
No,No,0.4075035550168291
No,Yes,0.6550215959682275
No,No,0.38455057768860545
Yes,Yes,0.7836177747725784
No,Yes,0.5527517858884774
No,No,0.2723344207937102
No,No,0.40966145604963367
No,No,0.46252545346070795
Yes,No,0.45732020000545714
No,No,0.38303690518424005
No,No,0.3816785764570635
No,No,0.37282620775619457
No,No,0.33783218030584916
No,No,0.3510127580471215
No,No,0.3818218602703899
No,No,0.489174639318799
No,Yes,0.5643605036401671
No,No,0.3193932076667513
No,Yes,0.6338114268548309
No,Yes,0.6368081635399022
No,No,0.3232065333754257
No,Yes,0.6347208885270078
No,No,0.23992215914452886
No,No,0.4236264998516651
No,Yes,0.7007237502390382
No,Yes,0.5356124346679354
No,No,0.2737521875620712
No,Yes,0.614934105726681
No,Yes,0.6240487934931447
No,No,0.45499372551985884
No,No,0.3444809772859916
No,Yes,0.6053755885798298
Yes,Yes,0.6905512610037763
No,Yes,0.6922480522176327
No,Yes,0.65977114780094
No,Yes,0.6122278981087093
No,Yes,0.7284340438609245
No,No,0.2591762277659784
No,No,0.3157917897290269
No,Yes,0.7190854948200335
No,Yes,0.5079359384648818
No,Yes,0.6787769382474164
Yes,Yes,0.621775024878505
No,No,0.3054819675513578
No,No,0.31768508616824553
No,Yes,0.5010053101707727
Yes,Yes,0.6058347481862307
No,No,0.3092374705450265
No,Yes,0.821121327358162
No,Yes,0.770895941242393
Yes,No,0.44532644231718976
Yes,Yes,0.6070809288769361
No,No,0.4915619086377887
No,Yes,0.5734012017221717
No,Yes,0.5620480353149406
No,No,0.42406343584262185
No,No,0.4905034264394599
No,Yes,0.6060661375524321
No,Yes,0.6671043199170519
No,No,0.24588938105295166
No,No,0.2140738527075946
No,Yes,0.6769781537885664
No,No,0.3400418625200109
No,No,0.23214163196978377
No,Yes,0.5695454933690964
No,No,0.3078426066987212
No,No,0.30164648676347705
No,No,0.31257515612167586
No,No,0.3583921525093078
No,No,0.43636404131253037
No,Yes,0.5554521144127254
No,Yes,0.6786791732495452
No,No,0.41737391424763315
No,No,0.25859291538640505
No,Yes,0.6922253897755657
No,No,0.4691074529375584
No,No,0.4097653446431826
No,Yes,0.5756338213457002
No,Yes,0.641082291544496
No,No,0.20472410663074359
No,No,0.44561355218017407
No,No,0.45433480832833073
No,Yes,0.6029721948333898
Yes,Yes,0.8061633925579386
No,No,0.36456048785077966
No,Yes,0.5898411671491212
No,Yes,0.5122068678392936
Yes,No,0.2801668717702086
No,Yes,0.616426531116387
Yes,Yes,0.7591220062329358
No,Yes,0.6766430960615016
No,No,0.48038750123959584
No,Yes,0.6928577483461669
No,No,0.37845667080670653
No,No,0.21730043679811606
No,No,0.4234290655322017
Yes,No,0.3395093473382179
No,No,0.3561302182482139
No,No,0.3388247111464122
Yes,Yes,0.632240940957793
No,Yes,0.5242550410651579
No,No,0.23596516629032382
No,No,0.2174776047902266
No,Yes,0.6087696564098479
No,Yes,0.7302082083024105
No,Yes,0.5527575137258671
No,No,0.49338327534798565
No,Yes,0.5754144004707369
No,Yes,0.7003038373040784
No,No,0.48587175496469825
Yes,No,0.47029834873724774
No,No,0.4185025365325866
No,No,0.33670448395956654
No,Yes,0.5254964563135114
No,Yes,0.6715818495124348
No,No,0.2998660735258397
No,No,0.4848924522480652
No,No,0.4330972639752385
No,No,0.370739993462066
No,Yes,0.5597221445180033
No,No,0.3924952929083251
Yes,Yes,0.6445109841264353
No,Yes,0.640521770634926
No,No,0.48659226997773775
No,Yes,0.6079554153688571
No,Yes,0.5239469852004752
No,Yes,0.7129593587360745
Yes,Yes,0.6113292040391025
No,No,0.33227131513340225
No,No,0.497524128762198
Yes,No,0.49442144006175626
Yes,No,0.254915435704279
No,Yes,0.8023949586096757
No,No,0.34544612732547775
No,No,0.432294984088919
No,Yes,0.6685313545463492
Yes,No,0.38020842819068223
No,No,0.4705000143573981
No,No,0.4597960827172939
No,Yes,0.5979157376871155
No,Yes,0.5804763814042536
No,No,0.33248363166575157
Yes,Yes,0.5363846623458265
No,No,0.41096921148929244
No,No,0.36410072993070164
No,No,0.446994485947273
No,No,0.40117178757137995
No,Yes,0.6979669893292215
No,Yes,0.5101952724360526
No,Yes,0.633032992775535
No,No,0.3441586829165121
No,Yes,0.7781701334968554
No,No,0.4846411974811481
No,Yes,0.6077166554573487
No,Yes,0.5981373089365485
No,No,0.25650462226581505
No,Yes,0.538769299890733
Yes,Yes,0.5438295847581249
No,Yes,0.7407782783713619
No,No,0.40674777126877004
No,No,0.242955569318553
No,No,0.4422227378014716
No,Yes,0.6440014720707578
No,Yes,0.6456509424585053
Yes,Yes,0.831703656060629
No,No,0.40622593023799847
No,Yes,0.5679317794935925
Yes,Yes,0.624715173602995
No,Yes,0.7770032589307727
No,Yes,0.5772770298847183
Yes,Yes,0.5156943612547915
No,Yes,0.570513889121794
No,Yes,0.5464917802572515
No,Yes,0.657407082174815
No,No,0.17027593706799948
No,No,0.3087233494270629
No,No,0.25431365243349435
No,No,0.30017056315024193
No,No,0.4104607631862679
No,No,0.23946115154672676
No,No,0.32401527175637423
No,No,0.35876103030006967
No,No,0.3389227881308726
Yes,Yes,0.5446552349332265
No,Yes,0.5152516744065428
No,No,0.4653038002167207
No,No,0.41966557926149195
No,No,0.4187741586278191
No,No,0.3904676374657965
No,No,0.27917166633074353
No,No,0.35800727014261546
No,No,0.3920992809246254
No,No,0.3457143614880197
No,Yes,0.5361392058819444
No,Yes,0.7586117325010098
No,No,0.3985589208102167
No,No,0.27782925141913817
Yes,Yes,0.6018440183967342
No,Yes,0.5426432380887676
No,No,0.250373465534353
No,No,0.32691836774196337
No,No,0.40096785497210463
No,No,0.35388705744223214
Yes,Yes,0.7455565221294933
No,No,0.2700858115011032
No,Yes,0.5951912716668594
No,No,0.35353885703803045
No,No,0.4659480338511127
Yes,Yes,0.6743568535520361
No,No,0.2220461757130877
Yes,Yes,0.7415578643331387
Yes,No,0.4981555695583457
No,Yes,0.6827241207738244
No,Yes,0.7140858651520593
No,Yes,0.5224468101547912
No,No,0.494471971486788
Yes,No,0.23128061903478803
No,No,0.2457045893082247
No,No,0.22357740633745116
No,No,0.3952958505833878
Yes,Yes,0.7142571628263488
Yes,Yes,0.6533459284353949
No,No,0.39421949859280336
No,Yes,0.6808498397662641
No,No,0.41312194327745855
No,Yes,0.7856332121638171
No,No,0.2312814954020087
No,Yes,0.6081406174910422
No,No,0.4018893258439197
No,No,0.2962281183902704
No,Yes,0.6511149582482832
No,No,0.20343168204754059
No,No,0.389620371525333
No,Yes,0.666499058620428
No,Yes,0.5159129596239754
No,Yes,0.6715469769895391
Yes,No,0.44462401781355
No,No,0.39027754911969503
No,No,0.254003742583626
No,No,0.4175961924258266
No,Yes,0.5045317719276416
No,Yes,0.6451029919760187
No,No,0.2904835994551924
No,Yes,0.6793807169528492
Yes,Yes,0.5391738745735427
No,Yes,0.6320557371829854
No,No,0.47431729442238635
No,Yes,0.5976984305199826
No,No,0.4158789622051241
No,No,0.32671869569317247
Yes,No,0.41520509516665094
No,No,0.2672764111795932
No,Yes,0.5356067333698319
No,No,0.4780696206530497
No,No,0.3732926888318916
No,No,0.47545832438109004
No,Yes,0.7806439211307097
No,Yes,0.5968978459859513
No,No,0.30263796680745003
No,No,0.29755201225357353
No,No,0.19348176296599084
No,No,0.3838565521341174
No,Yes,0.7748979402217625
No,Yes,0.581056852850369
No,No,0.20993648932727904
No,No,0.3601738351630971
Yes,Yes,0.5908123856528633
No,Yes,0.6409836222941367
No,No,0.40611040112393126
No,Yes,0.7559730698945892
No,No,0.44387011569258183
No,Yes,0.508914938282809
No,No,0.45641175484251273
No,Yes,0.5998285669440254
No,Yes,0.6012345054974282
No,No,0.3480381941303887
Yes,Yes,0.5711757479455039
No,No,0.22344831336115545
No,No,0.45354891862177715
No,Yes,0.6717102931391508
No,No,0.4131081442000465
No,Yes,0.6321412956110677
No,No,0.2262613214421566
No,No,0.34014990604424133
No,No,0.3091442328364914
No,No,0.4848809189314016
No,No,0.4667204037846455
No,No,0.3767181230898846
No,No,0.35453629476515547
No,No,0.26593340424803713
No,No,0.4704992905837373
No,No,0.48787113932565007
No,Yes,0.5419640282704788
No,No,0.29021853843685685
No,Yes,0.5442034644208222
No,No,0.289767485224417
No,No,0.38767509816817325
No,No,0.32565519919423913
No,No,0.37728385962414457
No,Yes,0.5451185026848298
No,No,0.4860944232936625
No,No,0.265878839029271
No,No,0.3530709456384129
No,Yes,0.636916876093958
No,No,0.43665983570649003
No,No,0.23549864914334762
No,No,0.3841169231439815
Yes,Yes,0.6150078292726966
Yes,Yes,0.7614140363706805
No,Yes,0.58646240821693
No,No,0.4823691999161611
No,No,0.3619539318331386
No,No,0.257134213531124
No,No,0.1932737666473523
No,No,0.43335431282077475
No,No,0.3229859798524566
Yes,Yes,0.679720891960707
No,Yes,0.6513825499283703
No,No,0.2987235833273587
No,No,0.4538790109906615
No,No,0.32482905972228615
No,Yes,0.5281949978161855
No,No,0.3762308413244554
No,No,0.4231890480005476
No,No,0.4808976498983166
No,Yes,0.5912162029466853
No,Yes,0.684676460086217
Yes,Yes,0.513726303769622
No,No,0.2076319192385918
No,No,0.36347118194450223
No,No,0.31541168467667313
No,Yes,0.5472514091336182
No,No,0.4426037412869216
No,No,0.28342147274380747
No,Yes,0.5654432559615803
No,No,0.3764203226138265
No,No,0.4692189451116854
No,No,0.3572774619675696
Yes,Yes,0.7230788884102599
Yes,No,0.4129461712918393
No,No,0.47703780211640423
No,No,0.298367116200724
No,Yes,0.5210380608033955
No,Yes,0.5054504001429293
No,No,0.30693481962184754
No,Yes,0.638288737168403
No,No,0.3277785595935673
No,No,0.2806680905882484
No,No,0.46494738667052915
No,No,0.37782196741288687
No,No,0.32827645623408064
Yes,No,0.3454479542741067
No,Yes,0.609215620934472
No,No,0.4810697235825826
No,No,0.4882524494119974
No,Yes,0.8065931538470892
Yes,Yes,0.6009543840362142
No,No,0.42377058593304007
Yes,No,0.42376354032750974
No,Yes,0.6626790748628675
No,No,0.20972164966652496
Yes,No,0.44226742515448525
No,No,0.2378195168675289
No,No,0.49045785442379186
No,Yes,0.6813344596547268
No,No,0.41770329802938655
Yes,No,0.4592163210801714
No,Yes,0.5725545853597865
No,No,0.43672093690159897
Yes,Yes,0.6653674483115772
No,Yes,0.5217568905323201
No,No,0.3300814462459116
No,Yes,0.6667698618264968
Yes,Yes,0.8138602651282201
Yes,Yes,0.6377336200349558
Yes,Yes,0.7139332420098816
No,Yes,0.7286271738423973
No,Yes,0.5492857705188152
No,Yes,0.6243946694459137
No,No,0.32204204319393215
No,Yes,0.7937710153768408
No,Yes,0.6689797012382144
No,No,0.3561178086960103
No,No,0.3063211394683504
No,No,0.31222272758957603
No,Yes,0.5119112285706328
No,No,0.2529802601008082
No,Yes,0.6273060897590825
No,No,0.3342864207208389
No,No,0.371723496137761
No,No,0.18321408793710503
No,Yes,0.5221824854585722
No,No,0.3402938628359633
No,No,0.36215831313301095
Yes,No,0.4612764234003488
No,Yes,0.6993106370319871
No,Yes,0.6400119766646809
No,No,0.45253242466785304
No,No,0.26574781591938124
No,No,0.42942156708561297
No,No,0.29300417998962525
No,No,0.42249830592661153
No,No,0.256030691364018
No,No,0.40368650880402657
No,No,0.2557047826452651
No,No,0.2329839404570252
Yes,Yes,0.5736764166874537
Yes,Yes,0.5796739639085492
Yes,Yes,0.6296309923197878
No,No,0.25369576141562244
No,Yes,0.5981412456818803
No,No,0.4717109160027927
No,No,0.2948539604295177
No,Yes,0.5737076591447186
No,No,0.19737223812160976
Yes,No,0.48253427873211563
No,Yes,0.7114406865463412
No,Yes,0.5423523916806418
No,Yes,0.6457096512797564
Yes,Yes,0.699174774777986
No,No,0.3756422458148658
No,No,0.39583703038475837
No,No,0.33787906214818486
No,Yes,0.630231478257913
No,Yes,0.8045289960618712
Yes,No,0.4266006909623796
No,No,0.45321607181568613
No,No,0.3759385151449546
No,No,0.48000730402050007
No,No,0.2083329971949215
Yes,Yes,0.6178507171502836
No,No,0.3060945425355397
No,Yes,0.6190129054401683
No,No,0.4939303539006531
No,No,0.4748024068147161
No,No,0.41712891761914006
No,Yes,0.5673844615372345
No,Yes,0.5289509231053114
No,No,0.38467786974493934
No,No,0.40307854402238896
No,Yes,0.5076325307797152
No,Yes,0.6612429682992589
No,No,0.34307160611002896
No,No,0.38478614171589653
Yes,Yes,0.7305588786063932
Yes,No,0.32524797919126114
No,No,0.22876035580939935
No,No,0.2641325272382966
Yes,Yes,0.5358755453888667
Yes,Yes,0.5449079516945505
No,No,0.33126737137107587
No,Yes,0.574264351647507
No,No,0.48314379055793677
No,No,0.39171774569441153
No,Yes,0.6330910816139304
No,No,0.4941454899333996
No,Yes,0.5354443218260065
No,No,0.4645333104965037
No,No,0.29421788837504737
No,Yes,0.6994144686760904
No,No,0.42798139580278693
Yes,Yes,0.6978847416857148
No,No,0.31430404017954716
No,No,0.41428551606332764
Yes,Yes,0.7390021509714979
No,No,0.3409995146049234
No,Yes,0.5359540655390214
No,No,0.22883794691947845
No,No,0.45291871685412166
No,Yes,0.7563599968576711
No,Yes,0.5518174941814993
No,Yes,0.5899725330861707
No,Yes,0.565056433125221
Yes,No,0.49785453940522506
No,Yes,0.5257152347544123
No,No,0.18682720100737937
No,Yes,0.5184305475452802
No,Yes,0.6364631420760934
No,Yes,0.584029091211328
No,No,0.4297175864394439
No,No,0.21550242829033484
No,Yes,0.5135602992210029
No,Yes,0.6305117265856082
No,Yes,0.620678897967049
No,No,0.17132359296819188
No,Yes,0.5825231025195661
No,No,0.3961628192707196
Yes,No,0.404438418128537
Yes,Yes,0.5459062308141247
No,No,0.3591763345972848
No,Yes,0.715613331000891
Yes,No,0.4724987217910368
Yes,No,0.47361348512721546
Yes,No,0.2831138817902291
No,No,0.3887497368829562
No,Yes,0.5691554852756762
No,No,0.3713719920908014
No,Yes,0.6390299603216312
No,No,0.32806719068413026
No,No,0.27749917777067057
No,Yes,0.5832973899524179
No,Yes,0.7350280325684354
No,No,0.17651295097037734
No,No,0.3893882545498998
No,No,0.42834134257561907
Yes,No,0.3852759203010995
No,Yes,0.6406184056251716
No,No,0.4585819524981224
No,No,0.46112747868432225
No,Yes,0.6161448784521371
No,Yes,0.5000366851870455
No,Yes,0.5214712892416729
No,No,0.3886339590624117
No,No,0.2593672644029298
No,No,0.27144776729419906
No,No,0.41171151156202623
No,Yes,0.5060308973459109
No,No,0.277905250273346
No,Yes,0.5711399300467865
No,No,0.4506362652981768
No,Yes,0.7133813183991924
No,No,0.3429356976445409
No,No,0.3061868330458495
No,Yes,0.6105423260887288
No,No,0.4189756715266617
No,Yes,0.6369222146340323
No,No,0.373963320046783
No,No,0.35421360576734284
No,No,0.30773487983811365
No,No,0.2581102244536537
No,No,0.2742966552005187
No,No,0.28725387516475254
No,Yes,0.725845319890416
No,Yes,0.6252639424446385
No,No,0.38724300625773955
No,No,0.4175477007927185
No,No,0.3740009214718738
No,No,0.3584949020683378
No,Yes,0.5568061398712393
No,No,0.40798698283979895
No,No,0.47155923249121456
No,No,0.46104016066193954
No,No,0.40781768918553474
No,Yes,0.5067802094221284
No,Yes,0.5340898446957498
No,Yes,0.6827438470649305
No,No,0.241584186815196
No,Yes,0.767856304038132
Yes,Yes,0.698476293925465
Yes,No,0.39463089722442923
Yes,No,0.4301741309522723
No,Yes,0.6506203820615742
Yes,No,0.2941538287219193
No,No,0.3482639386699119
No,Yes,0.6849777034382796
No,Yes,0.5198386645576205
No,Yes,0.7470359485857712
Yes,Yes,0.5059326579577053
No,Yes,0.6176189748135179
No,No,0.18555743410356607
Yes,Yes,0.6684908792794069
No,Yes,0.6093073304307541
No,Yes,0.5740786983323686
No,No,0.4833106239174906
Yes,No,0.49567764139155157
No,No,0.1774493412883258
No,No,0.19392249143286222
No,No,0.48165733638030717
No,No,0.3793016517254171
No,No,0.29867549052557674
No,No,0.4061453510436698
No,No,0.4065580964359351
No,Yes,0.5952471862541537
No,No,0.28384797939304285
No,Yes,0.6175751525581836
No,No,0.3491482799931205
Yes,Yes,0.5262527508429125
No,Yes,0.6443180670011441
Yes,No,0.4910283341039636
No,No,0.35069528986630627
No,No,0.2091050722947756
Yes,No,0.44031384279475017
No,No,0.35204200684168563
No,No,0.4273531951341957
No,No,0.17390331728716046
No,No,0.4017451757977991
No,Yes,0.7239481953678217
No,No,0.2149035320224818
Yes,Yes,0.5677131475370834
No,Yes,0.6067614684451016
No,Yes,0.5946304092690258
No,Yes,0.5102942679645055
No,Yes,0.6306187960936886
No,No,0.33898015827193884
Yes,No,0.45860472758841864
No,Yes,0.6261572561337205
No,No,0.17559043664721052
No,Yes,0.5908883894528623
No,No,0.38367426019500295
No,No,0.37197190767733457
No,No,0.1979955047624885
No,Yes,0.5476894914176762
No,Yes,0.6203048636340875
No,Yes,0.5745047757050348
No,No,0.32621755125808116
No,No,0.3315002730328652
No,No,0.28683075101987743
No,Yes,0.5201846030380285
No,No,0.3773384273927154
No,No,0.38229190312580974
No,No,0.2291689556444898
Yes,Yes,0.6908570845325153
No,No,0.4527312114961385
No,Yes,0.5055262345031911
No,No,0.23172592067269437
No,Yes,0.547025769511711
No,No,0.4164427107588615
No,Yes,0.5536074433568842
No,No,0.21358206696329884
No,No,0.23153503382221463
No,No,0.4662020101837504
Yes,Yes,0.6227543779473943
No,Yes,0.6028042569606198
No,No,0.300098501559685
No,Yes,0.7442779609137838
No,Yes,0.5310199195371752
No,No,0.4820806847226694
Yes,No,0.3268999699954609
No,No,0.4307874803506939
No,No,0.45287169256819737
No,No,0.4593116118056587
No,Yes,0.64177064896462
No,No,0.4983103415737823
No,No,0.462137788266048
No,Yes,0.7237303812730895
No,No,0.3615305596158461
No,No,0.3839944507812971
No,Yes,0.632652672314719
Yes,Yes,0.7234916957950264
No,No,0.22749297122660928
No,No,0.3439010286547751
No,No,0.4810562043183503
No,No,0.48828082465960965
No,No,0.39821517416229024
No,No,0.2873081148881991
No,No,0.2588494954369285
No,No,0.44968214976297183
No,No,0.19531411929339526
No,Yes,0.6932182645655007
No,No,0.3416453055835349
No,No,0.39945412750345244
No,No,0.44584751514540677
Yes,Yes,0.5787514946156191
No,No,0.44758233181056006
No,No,0.22163245769184015
No,No,0.42907268793314146
No,No,0.342985900860283
No,No,0.49283619908404097
Yes,No,0.4078652455473062
No,No,0.36964519347874547
Yes,No,0.3352743808737383
No,Yes,0.5801583998616493
No,No,0.4170786271633926
No,No,0.42133754924941236
Yes,Yes,0.5661511803931125
No,Yes,0.6520609324606488
No,Yes,0.8035438702261469
Yes,Yes,0.7943315168725613
No,No,0.31654982132171283
No,No,0.4674359784842519
No,Yes,0.7171434327799469
No,Yes,0.5098711105205563
No,No,0.47161426195496203
No,No,0.37200407475107466
No,Yes,0.5653089070656561
No,No,0.21737188667236196
Yes,No,0.49330884743187375
No,Yes,0.7288198159999291
No,Yes,0.5821786972409817
No,Yes,0.5202807123532535
No,Yes,0.6621767502186583
No,Yes,0.6031261355747034
Yes,No,0.4378447762864771
No,No,0.4314904457518728
No,No,0.37081994994277256
Yes,No,0.291707046163162
Yes,Yes,0.653957173938793
No,No,0.38635628215483264
No,Yes,0.5837943985962291
Yes,No,0.358899588564488
Yes,Yes,0.7445395695746237
No,Yes,0.6435874197372324
No,No,0.34875505144265173
No,No,0.24016342524368406
No,No,0.3274461912351523
No,No,0.29111489539598323
No,No,0.48888705020369116
No,No,0.19622560222708618
No,No,0.49410569225378054
No,Yes,0.6105822967149229
No,No,0.34840557099364367
No,Yes,0.5560877575866798
No,No,0.4316898400216854
No,No,0.35319130490336303
No,No,0.4826729209144408
No,Yes,0.699384619074952
No,Yes,0.6067132143651586
No,No,0.39755631216931475
No,Yes,0.6182444144912603
No,Yes,0.589755274962057
Yes,Yes,0.5167929589477931
No,Yes,0.6308290425704008
No,Yes,0.7191778020578059
No,No,0.3283402221748907
Yes,No,0.45438226535434156
Yes,Yes,0.5864732689316875
No,No,0.3868502246629544
No,No,0.27837234809626277
No,No,0.4544883347201216
No,No,0.3732950037749222
No,Yes,0.5083438664233726
No,No,0.2773629246236887
No,No,0.4038361949205155
No,Yes,0.6425908679839261
No,No,0.4421348184946853
No,No,0.4380946575407805
No,Yes,0.5859334194974889
No,Yes,0.6325759264282967
No,Yes,0.6347442760682243
No,Yes,0.5267244440180125
No,No,0.3666776689828197
No,Yes,0.6896067838099486
No,Yes,0.754417198326868
No,No,0.34434982291778216
No,No,0.2773657987993631
No,No,0.24792161920487032
Yes,Yes,0.5269300054194449
No,No,0.4256620553501421
No,No,0.4572342885954408
No,No,0.3257209296791943
No,No,0.4567217351885726
No,Yes,0.6571740260802722
No,No,0.3948954726348083
No,Yes,0.6333272499411277
No,Yes,0.6191662170171504
No,No,0.2070966413679246
No,No,0.25296612618435665
No,No,0.2610070964618453
No,No,0.3704172372180766
No,No,0.34440252008775607
No,No,0.4054954617950094
No,No,0.42639520486173166
No,Yes,0.6129293257118434
No,Yes,0.7112677900944153
No,No,0.32969686621111305
Yes,Yes,0.6460646015483476
No,Yes,0.5813626575135158
No,Yes,0.5910407435869134
Yes,No,0.30131192148930996
No,Yes,0.5546585052185936
No,No,0.42633302636562165
No,Yes,0.5269924686531824
No,No,0.31618920286860064
No,Yes,0.537103378699062
No,Yes,0.5250277561737446
No,Yes,0.5735369399898578
No,No,0.2516992048158173
No,No,0.39240002696608145
No,No,0.15883020335748188
No,No,0.16399700813978768
No,Yes,0.7644770330602506
No,No,0.3967941676022023
Yes,Yes,0.6684621760238021
Yes,Yes,0.6518075878980393
Yes,Yes,0.7228881246034411
No,No,0.337558084299017
No,No,0.4369788645568846
No,No,0.46963711704610844
No,Yes,0.6181895260555048
No,No,0.35943056219137126
No,No,0.49252319495372765
No,Yes,0.7115121930232904
No,No,0.31251149604244743
No,Yes,0.6950443103526355
No,No,0.45151175422188117
No,Yes,0.5925821965819982
No,Yes,0.5132458689581181
No,No,0.4478615441525945
No,Yes,0.5067851246368462
No,No,0.3012719192085638
No,No,0.2507615638663069
No,No,0.19393826341041565
Yes,No,0.3259042264313875
No,No,0.3615120816874593
No,Yes,0.5684518624844077
Yes,Yes,0.6086912860889654
No,No,0.49276748249092317
No,No,0.4519731018706856
No,No,0.17245274049654047
No,No,0.48402293996359125
No,No,0.3706024387489969
No,No,0.4149585367804416
No,No,0.42298654863811913
No,No,0.3601652355769128
No,Yes,0.5581813685369755
No,No,0.23635408758597265
No,No,0.23439217983105143
No,Yes,0.6134652574511323
No,No,0.3923246854881617
No,Yes,0.6791700787961716
No,Yes,0.7043552787814881
Yes,No,0.3939868162624469
No,Yes,0.556250494347478
No,No,0.21997873433730286
No,No,0.395751037826363
No,No,0.19946927320542007
No,No,0.3388787983001774
No,Yes,0.7605650828101158
No,No,0.3518111770096619
No,Yes,0.6824961415564821
No,No,0.4324902911447015
No,No,0.38218145185572094
No,Yes,0.5275314563435556
No,Yes,0.6506220212983351
No,Yes,0.5142731223491989
No,Yes,0.7185405101776353
No,Yes,0.6879438208405078
Yes,Yes,0.6089776577628139
No,No,0.268345238980803
No,No,0.3537915693839214
No,Yes,0.5173438279619988
Yes,Yes,0.7334840402275713
Yes,Yes,0.6795209931932686
No,No,0.262296202748027
No,No,0.24800062456505523
No,Yes,0.6659857478105585
No,No,0.23754374560559133
Yes,No,0.46286287034227724
No,No,0.4472702871536778
No,No,0.38617670720228303
No,Yes,0.7414496082927605
No,No,0.3562209193183906
Yes,Yes,0.6508494824045226
No,No,0.47609819616266347
No,Yes,0.6361607301064947
No,No,0.4718123034322764
No,No,0.3192545507547455
Yes,No,0.2283622438939129
Yes,Yes,0.5174008571781893
No,Yes,0.5026107467047384
No,Yes,0.5652744955109192
No,No,0.2304765764649236
No,No,0.3781217380209818
No,No,0.4382236571526118
No,No,0.4694943252790912
No,No,0.3528572777510588
No,No,0.4660270126335744
No,No,0.410448080085965
No,Yes,0.660715654814133
No,No,0.4935957466741151
No,No,0.39511356365621986
No,No,0.4024161874201392
No,No,0.4313202806327884
No,Yes,0.5174547236776041
Yes,Yes,0.7596067389015778
No,Yes,0.5522628601223074
No,No,0.42659312264290283
No,Yes,0.6255058937383005
Yes,Yes,0.6973783117278738
Yes,No,0.47305077244859006
Yes,Yes,0.6628349180800988
No,No,0.475411039266615
No,No,0.3651741689567216
No,Yes,0.7048799926895457
No,No,0.37714610912572155
No,No,0.3816873245368718
No,Yes,0.5988648596793819
No,Yes,0.5430952272248177
No,Yes,0.5944504622443452
No,No,0.49856060184361295
No,No,0.4826268070931795
No,No,0.3531243110459201
Yes,No,0.40835361344050913
No,No,0.344666045679209
No,Yes,0.6886427596894953
No,Yes,0.6231234465259905
No,Yes,0.7857805958691702
No,Yes,0.6977483648700501
No,Yes,0.50254264317359
No,No,0.304096586032952
No,No,0.32673527847844386
Yes,Yes,0.8137042808151682
No,Yes,0.6165843466266827
No,No,0.2400980961365311
No,No,0.3070938024476668
No,Yes,0.6913196057862525
No,No,0.48962399873461004
No,No,0.25468945001299625
No,No,0.35242004523877746
No,No,0.22495091005230783
No,Yes,0.5695952632721042
No,Yes,0.5043248566127185
No,Yes,0.7520124958884127
No,No,0.41777280342335776
No,No,0.4685911040112497
No,No,0.31889916022749987
No,Yes,0.5145855549013848
No,Yes,0.5138811275927726
No,No,0.26910240141041697
No,Yes,0.5921696552191108
No,Yes,0.5915947077172667
Yes,Yes,0.7388600536782994
No,Yes,0.5254655273489821
Yes,No,0.42835624276807815
No,Yes,0.6028479716757642
Yes,No,0.4722661470589302
No,No,0.23004261248670632
No,No,0.2438130089716095
No,No,0.3402067251247243
No,No,0.18298540214466885
No,Yes,0.5628903499004692
No,No,0.4916430052539559
Yes,No,0.39008648306953864
No,Yes,0.5612761882354873
No,No,0.387573109789466
No,No,0.4608310269377669
No,No,0.3831859032165461
Yes,Yes,0.5910287784224335
No,No,0.4918528304232429
No,No,0.4027633028242382
Yes,Yes,0.6082586248105296
Yes,Yes,0.6449896193305337
No,No,0.3736261861701764
No,No,0.42896528701949865
No,No,0.3208192609570445
No,No,0.4099632197368581
No,No,0.4979083682683644
No,Yes,0.8026530342762225
No,Yes,0.7496288426922821
No,No,0.19742874596665527
Yes,No,0.3029515352350003
No,No,0.36436130743881956
No,Yes,0.7350763312847768
No,No,0.3736333908824393
No,Yes,0.706248979936633
No,No,0.4787121820262419
No,Yes,0.5596172882954458
No,No,0.3921180306239327
No,No,0.3637121328898292
No,Yes,0.5809137876587951
No,Yes,0.6812708558560289
No,No,0.3419856147507436
No,Yes,0.5551102750485919
No,Yes,0.6220177755431326
No,Yes,0.7498371370010988
No,Yes,0.7918565119280234
Yes,Yes,0.6890770043171095
No,No,0.49054621855888436
No,No,0.3929178656014144
No,Yes,0.7516145024311075
No,No,0.42154879962523306
No,No,0.42015574606606254
No,Yes,0.7676072416973599
Yes,Yes,0.5051787965406102
Yes,Yes,0.6590598052749336
No,Yes,0.5192943034506955
No,No,0.3715359425839354
No,No,0.40322188080304655
No,No,0.2839527999037912
No,Yes,0.6922460336760397
No,No,0.2567373458863329
Yes,No,0.37045056672532384
No,No,0.27719165556181236
No,Yes,0.6449599408741824
No,Yes,0.596582877430101
No,No,0.4542377911271963
Yes,Yes,0.5598116574543348
No,No,0.16765022067700286
No,No,0.19315388526408506
No,No,0.20610941035868446
Yes,No,0.3640710753308297
No,No,0.19004348617879274
No,No,0.3124467128075543
No,No,0.39064479357612325
No,No,0.49784454684110757
Yes,No,0.28863664635393116
Yes,Yes,0.7821469184564235
No,No,0.27748593209663897
No,Yes,0.5696559794187315
No,No,0.20296834937024544
No,No,0.46483729315300615
No,No,0.4956459425740689
No,Yes,0.5200989599978523
No,Yes,0.7388844883331731
Yes,Yes,0.533008049992619
No,No,0.4598263374447642
No,No,0.3839745469058127
No,Yes,0.6025433200471759
No,No,0.3085303030309313
No,Yes,0.5615207319543092
No,No,0.43595217324207336
Yes,Yes,0.5254813966188574
No,Yes,0.59307861023537
No,Yes,0.5892939925744849
No,No,0.3491562899350802
No,No,0.4549187007109451
No,No,0.41869219119540735
No,Yes,0.5903298473907574
No,No,0.2178751187690876
No,Yes,0.8124637465999905
No,Yes,0.7114964998807729
Yes,No,0.4544923531642918
No,No,0.3694214251958643
No,No,0.3985934865507037
No,Yes,0.7573460502665028
No,Yes,0.7001379361125043
No,Yes,0.6659148492304758
No,Yes,0.6520220033883863
No,No,0.4576258672918291
No,No,0.39084158154454773
No,Yes,0.522273999084958
No,No,0.4757191678340764
No,No,0.40709993065592054
No,Yes,0.6024582037889803
Yes,No,0.3739894533081527
No,No,0.28429658555110915
No,No,0.42111471084745866
No,Yes,0.6325703568898531
No,No,0.44114180966202665
No,Yes,0.6498094149871965
No,No,0.39738482768849304
No,No,0.3948550750609905
No,Yes,0.8194885406688809
No,No,0.43059968832425166
No,Yes,0.5714340967073755
No,No,0.3540512299101072
No,No,0.4878772156711235
No,No,0.4139563724259627
No,Yes,0.5150064883099645
No,Yes,0.706715438437076
No,No,0.359365239481387
No,No,0.21045259339245548
No,Yes,0.7265230428423614
No,No,0.4876896523870208
No,No,0.2932891024279096
No,Yes,0.5244571215425576
No,No,0.46316463844004707
No,No,0.38098403672429904
No,No,0.27130958744359024
No,No,0.4155127625854622
No,Yes,0.6816487151264046
No,No,0.42712387002315433
No,Yes,0.5772401535606522
No,Yes,0.7054228587617302
